15298,15299,4336,PR-00029,CANOVANAS,00729,CANOVANAS,PR,"117,524.00","83,024.00","34,500.00",0.00,0.00,0.00
15298,15299,4336,PR-00029,CULEBRA,00775,CULEBRA,PR,"107,884.00","86,474.00","21,410.00",0.00,0.00,0.00
15298,15299,4336,PR-00029,FAJARDO,00738,FAJARDO,PR,"138,325.00","121,675.00","16,650.00",0.00,0.00,0.00
15298,15299,4336,PR-00029,LOIZA,00772,LOIZA,PR,"70,617.00","51,142.00","19,475.00",0.00,0.00,0.00
15298,15299,4336,PR-00029,TOA BAJA,00949,TOA BAJA,PR,"82,100.00","79,900.00","2,200.00","16,400.00","16,400.00",0.00
15298,15299,4336,PR-00029,VEGA BAJA,00693,VEGA BAJA,PR,"106,314.00","75,234.00","31,080.00",0.00,0.00,0.00
15298,15299,4336,PR-00029,VIEQUES,00765,VIEQUES,PR,"274,361.00","220,841.00","53,520.00",0.00,0.00,0.00
15322,15323,4339,PR-00031,ADJUNTAS,00601,ADJUNTAS,PR,"2,987,772.00","2,374,717.00","613,055.00","79,400.00","65,000.00","14,400.00"
15322,15323,4339,PR-00031,ADJUNTAS,00601,AGUAS BUENAS,PR,"7,550.00",0.00,"7,550.00",0.00,0.00,0.00
15322,15323,4339,PR-00031,ADJUNTAS,00601,AIBONITO,PR,"76,214.00","57,514.00","18,700.00",0.00,0.00,0.00
15322,15323,4339,PR-00031,ADJUNTAS,00601,UTUADO,PR,"223,548.00","215,198.00","8,350.00",0.00,0.00,0.00
15322,15323,4339,PR-00031,AGUADA,00602,AGUADA,PR,"6,864,616.00","5,427,161.00","1,437,455.00","39,900.00","35,600.00","4,300.00"
15322,15323,4339,PR-00031,AGUADA,00602,AGUADILLA,PR,"233,951.00","153,156.00","80,795.00",0.00,0.00,0.00
15322,15323,4339,PR-00031,AGUADILLA,00603,AGUADA,PR,"90,198.00","63,498.00","26,700.00",0.00,0.00,0.00
15322,15323,4339,PR-00031,AGUADILLA,00603,AGUADILLA,PR,"5,744,430.00","4,391,398.00","1,353,032.00","119,100.00","83,700.00","35,400.00"
15322,15323,4339,PR-00031,AGUADILLA,00603,AGUAS BUENAS,PR,"53,018.00","45,768.00","7,250.00",0.00,0.00,0.00
15322,15323,4339,PR-00031,AGUADILLA,00603,AIBONITO,PR,"165,712.00","130,742.00","34,970.00",0.00,0.00,0.00
15322,15323,4339,PR-00031,AGUADILLA,00603,ARECIBO,PR,"5,000.00",0.00,"5,000.00",0.00,0.00,0.00
15322,15323,4339,PR-00031,AGUADILLA,00604,AGUADILLA,PR,"311,615.00","274,976.00","36,639.00",0.00,0.00,0.00
15322,15323,4339,PR-00031,AGUADILLA,00605,AGUADILLA,PR,"599,504.00","507,664.00","91,840.00","26,500.00","24,400.00","2,100.00"
15322,15323,4339,PR-00031,AGUADILLA,00605,AIBONITO,PR,"10,800.00",0.00,"10,800.00",0.00,0.00,0.00
15322,15323,4339,PR-00031,AGUADILLA,00605,ANASCO,PR,"120,930.00","67,295.00","53,635.00",0.00,0.00,0.00
15322,15323,4339,PR-00031,AGUAS BUENAS,00703,AGUAS BUENAS,PR,"5,691,787.00","4,789,079.00","902,708.00","428,300.00","357,700.00","70,600.00"
15322,15323,4339,PR-00031,AGUAS BUENAS,00703,CAGUAS,PR,"33,396.00","33,396.00",0.00,0.00,0.00,0.00
15322,15323,4339,PR-00031,AGUAS BUENAS,00703,CAYEY,PR,"137,291.00","103,711.00","33,580.00",0.00,0.00,0.00
15322,15323,4339,PR-00031,AGUAS BUENAS,00703,CIDRA,PR,"91,401.00","70,901.00","20,500.00",0.00,0.00,0.00
15322,15323,4339,PR-00031,AGUAS BUENAS,00703,SAN JUAN,PR,"6,400.00",0.00,"6,400.00",0.00,0.00,0.00
15322,15323,4339,PR-00031,AGUIRRE,00704,ARROYO,PR,"25,678.00","16,378.00","9,300.00",0.00,0.00,0.00
15322,15323,4339,PR-00031,AGUIRRE,00704,SALINAS,PR,"2,135,592.00","1,792,062.00","343,530.00",0.00,0.00,0.00
15322,15323,4339,PR-00031,AIBONITO,00705,AIBONITO,PR,"10,733,270.00","8,798,520.00","1,934,750.00","166,000.00","146,700.00","19,300.00"
15322,15323,4339,PR-00031,AIBONITO,00705,CABO ROJO,PR,"154,508.00","152,973.00","1,535.00",0.00,0.00,0.00
15322,15323,4339,PR-00031,AIBONITO,00705,CAYEY,PR,"364,093.00","277,843.00","86,250.00",0.00,0.00,0.00
15322,15323,4339,PR-00031,ANASCO,00610,AGUADA,PR,"33,479.00","27,979.00","5,500.00",0.00,0.00,0.00
15322,15323,4339,PR-00031,ANASCO,00610,ANASCO,PR,"5,710,488.00","4,346,893.00","1,363,595.00",0.00,0.00,0.00
15322,15323,4339,PR-00031,ANGELES,00611,UTUADO,PR,"410,677.00","319,807.00","90,870.00",0.00,0.00,0.00
15322,15323,4339,PR-00031,ARECIBO,00612,ARECIBO,PR,"16,451,707.00","12,448,348.00","4,003,359.00","325,200.00","229,500.00","95,700.00"
15322,15323,4339,PR-00031,ARECIBO,00612,BARCELONETA,PR,"205,109.00","179,084.00","26,025.00",0.00,0.00,0.00
15322,15323,4339,PR-00031,ARECIBO,00613,ARECIBO,PR,"648,274.00","475,194.00","173,080.00",0.00,0.00,0.00
15322,15323,4339,PR-00031,ARECIBO,00614,ARECIBO,PR,"196,641.00","151,411.00","45,230.00",0.00,0.00,0.00
15322,15323,4339,PR-00031,ARECIBO,00616,ARECIBO,PR,"136,950.00","100,100.00","36,850.00",0.00,0.00,0.00
15322,15323,4339,PR-00031,ARECIBO,00652,ARECIBO,PR,"92,562.00","80,657.00","11,905.00",0.00,0.00,0.00
15322,15323,4339,PR-00031,ARECIBO,00688,ARECIBO,PR,"97,984.00","76,584.00","21,400.00",0.00,0.00,0.00
15322,15323,4339,PR-00031,ARECIBO,66012,ARECIBO,PR,"49,623.00","40,303.00","9,320.00",0.00,0.00,0.00
15322,15323,4339,PR-00031,ARECIBO RIO ARRIBA JOBOS,00612,ARECIBO,PR,"105,837.00","94,337.00","11,500.00",0.00,0.00,0.00
15322,15323,4339,PR-00031,ARROYO,00714,ARROYO,PR,"3,516,945.00","2,901,115.00","615,830.00","8,100.00","6,700.00","1,400.00"
15322,15323,4339,PR-00031,BAJADERO,00616,ARECIBO,PR,"573,792.00","449,717.00","124,075.00",0.00,0.00,0.00
15322,15323,4339,PR-00031,BARCELONETA,00617,ARECIBO,PR,"61,458.00","53,508.00","7,950.00",0.00,0.00,0.00
15322,15323,4339,PR-00031,BARCELONETA,00617,BARCELONETA,PR,"4,166,084.00","3,278,136.00","887,948.00","80,700.00","67,400.00","13,300.00"
15322,15323,4339,PR-00031,BARCELONETA,00617,BAYAMON,PR,"47,825.00","47,825.00",0.00,0.00,0.00,0.00
15322,15323,4339,PR-00031,BARRANQUITAS,00794,BARRANQUITAS,PR,"15,399,096.00","12,538,358.00","2,860,738.00","327,800.00","268,700.00","59,100.00"
15322,15323,4339,PR-00031,BARRANQUITAS,00794,COMERIO,PR,"37,097.00","35,097.00","2,000.00",0.00,0.00,0.00
15322,15323,4339,PR-00031,BARRANQUITAS,00794,COROZAL,PR,"45,426.00","40,521.00","4,905.00",0.00,0.00,0.00
15322,15323,4339,PR-00031,BARRANQUITAS,00794,NARANJITO,PR,"40,577.00","24,377.00","16,200.00",0.00,0.00,0.00
15322,15323,4339,PR-00031,BARRIO DOMINGUITO,00612,ARECIBO,PR,"54,333.00","46,468.00","7,865.00",0.00,0.00,0.00
15322,15323,4339,PR-00031,BARRIO OBRERO,00915,SAN JUAN,PR,"35,368.00","20,708.00","14,660.00",0.00,0.00,0.00
15322,15323,4339,PR-00031,BARRIO OBRERO,00936,SAN JUAN,PR,"20,500.00",0.00,"20,500.00",0.00,0.00,0.00
15322,15323,4339,PR-00031,BAYAMON,00739,CIDRA,PR,"48,666.00","26,666.00","22,000.00",0.00,0.00,0.00
15322,15323,4339,PR-00031,BAYAMON,00956,BAYAMON,PR,"16,381,751.00","13,072,851.00","3,308,900.00","513,600.00","410,600.00","103,000.00"
15322,15323,4339,PR-00031,BAYAMON,00956,CABO ROJO,PR,"47,094.00","35,204.00","11,890.00",0.00,0.00,0.00
15322,15323,4339,PR-00031,BAYAMON,00956,COMERIO,PR,"94,979.00","57,979.00","37,000.00",0.00,0.00,0.00
15322,15323,4339,PR-00031,BAYAMON,00956,GUAYNABO,PR,"32,332.00","14,232.00","18,100.00",0.00,0.00,0.00
15322,15323,4339,PR-00031,BAYAMON,00956,NARANJITO,PR,"117,248.00","92,498.00","24,750.00",0.00,0.00,0.00
15322,15323,4339,PR-00031,BAYAMON,00956,PONCE,PR,"66,459.00","47,159.00","19,300.00",0.00,0.00,0.00
15322,15323,4339,PR-00031,BAYAMON,00957,BAYAMON,PR,"7,141,569.00","5,694,416.00","1,447,153.00","113,900.00","66,400.00","47,500.00"
15322,15323,4339,PR-00031,BAYAMON,00958,BAYAMON,PR,"106,100.00","70,798.00","35,302.00",0.00,0.00,0.00
15322,15323,4339,PR-00031,BAYAMON,00959,BAYAMON,PR,"6,862,785.00","5,350,954.00","1,511,831.00","230,600.00","182,100.00","48,500.00"
15322,15323,4339,PR-00031,BAYAMON,00959,CAGUAS,PR,"7,500.00",0.00,"7,500.00",0.00,0.00,0.00
15322,15323,4339,PR-00031,BAYAMON,00960,BAYAMON,PR,"1,235,128.00","1,009,508.00","225,620.00",0.00,0.00,0.00
15322,15323,4339,PR-00031,BAYAMON,00961,BAYAMON,PR,"5,220,338.00","4,084,998.00","1,135,340.00","390,200.00","327,000.00","63,200.00"
15322,15323,4339,PR-00031,BO OBRERO,00915,SAN JUAN,PR,"23,700.00",0.00,"23,700.00",0.00,0.00,0.00
15322,15323,4339,PR-00031,BOQUERON,00622,CABO ROJO,PR,"382,032.00","258,662.00","123,370.00","45,300.00","28,900.00","16,400.00"
15322,15323,4339,PR-00031,CABO ROJO,00623,CABO ROJO,PR,"3,120,414.00","2,493,516.00","626,898.00","104,500.00","103,800.00",700.00
15322,15323,4339,PR-00031,CABO ROJO,00623,CAGUAS,PR,"23,194.00","20,294.00","2,900.00",0.00,0.00,0.00
15322,15323,4339,PR-00031,CAGUAS,00725,AGUAS BUENAS,PR,"90,165.00","76,065.00","14,100.00",0.00,0.00,0.00
15322,15323,4339,PR-00031,CAGUAS,00725,BAYAMON,PR,"1,655.00",0.00,"1,655.00",0.00,0.00,0.00
15322,15323,4339,PR-00031,CAGUAS,00725,CAGUAS,PR,"15,655,422.00","12,546,942.00","3,108,480.00","481,500.00","367,300.00","114,200.00"
15322,15323,4339,PR-00031,CAGUAS,00725,CANOVANAS,PR,"30,535.00","21,135.00","9,400.00",0.00,0.00,0.00
15322,15323,4339,PR-00031,CAGUAS,00725,CAROLINA,PR,"15,410.00",0.00,"15,410.00",0.00,0.00,0.00
15322,15323,4339,PR-00031,CAGUAS,00725,CAYEY,PR,"137,326.00","109,826.00","27,500.00",0.00,0.00,0.00
15322,15323,4339,PR-00031,CAGUAS,00725,GUAYNABO,PR,"9,715.00",0.00,"9,715.00",0.00,0.00,0.00
15322,15323,4339,PR-00031,CAGUAS,00725,GURABO,PR,"29,309.00","15,859.00","13,450.00",0.00,0.00,0.00
15322,15323,4339,PR-00031,CAGUAS,00725,LUQUILLO,PR,"7,350.00",0.00,"7,350.00",0.00,0.00,0.00
15322,15323,4339,PR-00031,CAGUAS,00725,SAN JUAN,PR,"8,670.00",0.00,"8,670.00",0.00,0.00,0.00
15322,15323,4339,PR-00031,CAGUAS,00726,CAGUAS,PR,"1,237,738.00","1,027,853.00","209,885.00","60,400.00","59,800.00",600.00
15322,15323,4339,PR-00031,CAGUAS,00727,CAGUAS,PR,"7,734,497.00","6,285,412.00","1,449,085.00","274,300.00","214,700.00","59,600.00"
15322,15323,4339,PR-00031,CAGUAS,00727,CAYEY,PR,"60,496.00","42,596.00","17,900.00",0.00,0.00,0.00
15322,15323,4339,PR-00031,CAMUY,00627,CAMUY,PR,"6,248,404.00","5,305,216.00","943,188.00","14,900.00","13,600.00","1,300.00"
15322,15323,4339,PR-00031,CANOVANAS,00729,CANOVANAS,PR,"19,364,079.00","14,493,108.00","4,870,971.00","770,500.00","573,000.00","197,500.00"
15322,15323,4339,PR-00031,CANOVANAS,00729,CAROLINA,PR,"41,431.00","33,511.00","7,920.00",0.00,0.00,0.00
15322,15323,4339,PR-00031,CANOVANAS,00729,LOIZA,PR,"191,204.00","138,646.00","52,558.00",0.00,0.00,0.00
15322,15323,4339,PR-00031,CANOVANAS,00729,RIO GRANDE,PR,"218,395.00","202,595.00","15,800.00",0.00,0.00,0.00
15322,15323,4339,PR-00031,CANOVANAS,00729,SAN JUAN,PR,"6,400.00",0.00,"6,400.00",0.00,0.00,0.00
15322,15323,4339,PR-00031,CANOVANAS,00983,CANOVANAS,PR,"21,740.00",0.00,"21,740.00",0.00,0.00,0.00
15322,15323,4339,PR-00031,CAPARRA,00920,SAN JUAN,PR,"88,777.00","82,777.00","6,000.00",0.00,0.00,0.00
15322,15323,4339,PR-00031,CAROLINA,00979,CAROLINA,PR,"4,060,473.00","2,898,697.00","1,161,776.00","136,200.00","129,700.00","6,500.00"
15322,15323,4339,PR-00031,CAROLINA,00979,CATANO,PR,"33,332.00","29,357.00","3,975.00",0.00,0.00,0.00
15322,15323,4339,PR-00031,CAROLINA,00979,GURABO,PR,"124,812.00","124,812.00",0.00,0.00,0.00,0.00
15322,15323,4339,PR-00031,CAROLINA,00979,YAUCO,PR,535.00,0.00,535.00,0.00,0.00,0.00
15322,15323,4339,PR-00031,CAROLINA,00981,CAROLINA,PR,"2,300.00",0.00,"2,300.00",0.00,0.00,0.00
15322,15323,4339,PR-00031,CAROLINA,00982,CAROLINA,PR,"2,545,914.00","1,998,988.00","546,926.00","26,400.00","17,000.00","9,400.00"
15322,15323,4339,PR-00031,CAROLINA,00983,CAROLINA,PR,"8,594,833.00","6,944,968.00","1,649,865.00","187,900.00","136,200.00","51,700.00"
15322,15323,4339,PR-00031,CAROLINA,00983,CAYEY,PR,"18,325.00",0.00,"18,325.00",0.00,0.00,0.00
15322,15323,4339,PR-00031,CAROLINA,00983,SAN JUAN,PR,"4,200.00",0.00,"4,200.00",0.00,0.00,0.00
15322,15323,4339,PR-00031,CAROLINA,00984,CAROLINA,PR,"813,719.00","736,164.00","77,555.00",0.00,0.00,0.00
15322,15323,4339,PR-00031,CAROLINA,00985,CAROLINA,PR,"9,846,462.00","7,925,240.00","1,921,222.00","245,200.00","224,400.00","20,800.00"
15322,15323,4339,PR-00031,CAROLINA,00985,CATANO,PR,"3,493.00","1,553.00","1,940.00",0.00,0.00,0.00
15322,15323,4339,PR-00031,CAROLINA,00985,CAYEY,PR,"58,378.00","58,378.00",0.00,0.00,0.00,0.00
15322,15323,4339,PR-00031,CAROLINA,00986,CAROLINA,PR,"1,527,692.00","1,274,694.00","252,998.00","25,500.00","25,000.00",500.00
15322,15323,4339,PR-00031,CAROLINA,00987,CANOVANAS,PR,"44,188.00","34,188.00","10,000.00",0.00,0.00,0.00
15322,15323,4339,PR-00031,CAROLINA,00987,CAROLINA,PR,"14,168,158.00","11,235,302.00","2,932,856.00","458,500.00","386,200.00","72,300.00"
15322,15323,4339,PR-00031,CAROLINA,00987,GURABO,PR,"186,692.00","162,992.00","23,700.00",0.00,0.00,0.00
15322,15323,4339,PR-00031,CAROLINA,00987,SAN JUAN,PR,"23,381.00","22,351.00","1,030.00",0.00,0.00,0.00
15322,15323,4339,PR-00031,CAROLINA,00988,CAROLINA,PR,"134,837.00","101,072.00","33,765.00",0.00,0.00,0.00
15322,15323,4339,PR-00031,CATANO,00962,CATANO,PR,"2,831,599.00","2,160,455.00","671,144.00","9,500.00",0.00,"9,500.00"
15322,15323,4339,PR-00031,CATANO,00962,SAN JUAN,PR,"11,200.00",0.00,"11,200.00",0.00,0.00,0.00
15322,15323,4339,PR-00031,CATANO,00962,TOA ALTA,PR,"12,527.00","12,027.00",500.00,0.00,0.00,0.00
15322,15323,4339,PR-00031,CATANO,00962,VEGA ALTA,PR,"26,027.00","18,527.00","7,500.00",0.00,0.00,0.00
15322,15323,4339,PR-00031,CATANO,00963,CATANO,PR,"158,679.00","99,949.00","58,730.00",0.00,0.00,0.00
15322,15323,4339,PR-00031,CATANO,00963,DORADO,PR,"88,554.00","71,054.00","17,500.00",0.00,0.00,0.00
15322,15323,4339,PR-00031,CATANO,00963,TOA BAJA,PR,"89,066.00","47,291.00","41,775.00",0.00,0.00,0.00
15322,15323,4339,PR-00031,CAYEY,00736,CAGUAS,PR,"7,320.00",0.00,"7,320.00",0.00,0.00,0.00
15322,15323,4339,PR-00031,CAYEY,00736,CAYEY,PR,"12,223,052.00","10,062,992.00","2,160,060.00","515,500.00","441,200.00","74,300.00"
15322,15323,4339,PR-00031,CAYEY,00736,CIDRA,PR,"43,167.00","34,892.00","8,275.00",0.00,0.00,0.00
15322,15323,4339,PR-00031,CAYEY,00736,UTUADO,PR,"15,682.00","15,432.00",250.00,0.00,0.00,0.00
15322,15323,4339,PR-00031,CAYEY,00737,CAYEY,PR,"1,604,523.00","1,315,926.00","288,597.00",0.00,0.00,0.00
15322,15323,4339,PR-00031,CEIBA,00735,CEIBA,PR,"3,015,098.00","2,309,448.00","705,650.00","7,700.00",0.00,"7,700.00"
15322,15323,4339,PR-00031,CEIBA,00735,FAJARDO,PR,"108,904.00","82,979.00","25,925.00",0.00,0.00,0.00
15322,15323,4339,PR-00031,CEIBA,00742,ARECIBO,PR,"49,414.00","30,814.00","18,600.00",0.00,0.00,0.00
15322,15323,4339,PR-00031,CIALES,00638,ARECIBO,PR,"49,314.00","48,314.00","1,000.00",0.00,0.00,0.00
15322,15323,4339,PR-00031,CIALES,00638,CIALES,PR,"3,325,775.00","2,686,907.00","638,868.00","55,500.00","9,400.00","46,100.00"
15322,15323,4339,PR-00031,CIALES,00638,COAMO,PR,"21,513.00","18,313.00","3,200.00",0.00,0.00,0.00
15322,15323,4339,PR-00031,CIDRA,00739,CAYEY,PR,"862,827.00","708,737.00","154,090.00",0.00,0.00,0.00
15322,15323,4339,PR-00031,CIDRA,00739,CEIBA,PR,"56,646.00","53,146.00","3,500.00",0.00,0.00,0.00
15322,15323,4339,PR-00031,CIDRA,00739,CIDRA,PR,"14,557,091.00","11,701,764.00","2,855,327.00","258,900.00","220,000.00","38,900.00"
15322,15323,4339,PR-00031,CIDRA,00739,TRUJILLO ALTO,PR,"112,593.00","94,941.00","17,652.00",0.00,0.00,0.00
15322,15323,4339,PR-00031,CIDRA,00739,YAUCO,PR,"22,382.00","22,382.00",0.00,0.00,0.00,0.00
15322,15323,4339,PR-00031,COAMO,00769,COAMO,PR,"8,295,609.00","6,692,261.00","1,603,348.00","270,700.00","209,700.00","61,000.00"
15322,15323,4339,PR-00031,COAMO,00769,GUAYAMA,PR,"32,041.00","23,541.00","8,500.00",0.00,0.00,0.00
15322,15323,4339,PR-00031,COAMO,00769,SALINAS,PR,"9,900.00",0.00,"9,900.00",0.00,0.00,0.00
15322,15323,4339,PR-00031,COMERIO,00782,CAYEY,PR,"186,898.00","125,948.00","60,950.00",0.00,0.00,0.00
15322,15323,4339,PR-00031,COMERIO,00782,COAMO,PR,"88,514.00","72,614.00","15,900.00",0.00,0.00,0.00
15322,15323,4339,PR-00031,COMERIO,00782,COMERIO,PR,"8,970,905.00","6,854,029.00","2,116,876.00","44,600.00","36,800.00","7,800.00"
15322,15323,4339,PR-00031,COMERIO,00782,COROZAL,PR,"27,661.00","16,411.00","11,250.00",0.00,0.00,0.00
15322,15323,4339,PR-00031,COMERIO,00782,DORADO,PR,"8,741.00","7,991.00",750.00,0.00,0.00,0.00
15322,15323,4339,PR-00031,CONDADO,00907,SAN JUAN,PR,"226,573.00","90,768.00","135,805.00",0.00,0.00,0.00
15322,15323,4339,PR-00031,COROZAL,00783,COMERIO,PR,"16,100.00",0.00,"16,100.00",0.00,0.00,0.00
15322,15323,4339,PR-00031,COROZAL,00783,COROZAL,PR,"9,155,578.00","7,506,728.00","1,648,850.00","167,400.00","149,200.00","18,200.00"
15322,15323,4339,PR-00031,COROZAL,00783,DORADO,PR,"48,622.00","42,372.00","6,250.00",0.00,0.00,0.00
15322,15323,4339,PR-00031,COROZAL,00783,NARANJITO,PR,"59,053.00","47,378.00","11,675.00",0.00,0.00,0.00
15322,15323,4339,PR-00031,COTO LAUREL,00780,JUANA DIAZ,PR,"269,169.00","178,219.00","90,950.00",0.00,0.00,0.00
15322,15323,4339,PR-00031,COTO LAUREL,00780,PONCE,PR,"1,613,819.00","1,289,149.00","324,670.00",0.00,0.00,0.00
15322,15323,4339,PR-00031,CULEBRA,00775,CULEBRA,PR,"871,021.00","714,396.00","156,625.00",0.00,0.00,0.00
15322,15323,4339,PR-00031,CUPEY,00926,SAN JUAN,PR,"588,099.00","457,544.00","130,555.00",0.00,0.00,0.00
15322,15323,4339,PR-00031,DORADO,00646,DORADO,PR,"9,054,396.00","7,107,464.00","1,946,932.00","201,800.00","144,700.00","57,100.00"
15322,15323,4339,PR-00031,DORADO,00646,FLORIDA,PR,"19,393.00","17,063.00","2,330.00",0.00,0.00,0.00
15322,15323,4339,PR-00031,DORADO,00646,MANATI,PR,"35,879.00","31,454.00","4,425.00",0.00,0.00,0.00
15322,15323,4339,PR-00031,DORADO,00646,TOA BAJA,PR,"24,976.00","24,976.00",0.00,0.00,0.00,0.00
15322,15323,4339,PR-00031,DORADO,00646,VEGA ALTA,PR,"23,789.00","8,289.00","15,500.00",0.00,0.00,0.00
15322,15323,4339,PR-00031,ENSENADA,00647,GUANICA,PR,"649,627.00","514,677.00","134,950.00",0.00,0.00,0.00
15322,15323,4339,PR-00031,FAJARDO,00738,FAJARDO,PR,"6,330,484.00","5,067,417.00","1,263,067.00","93,400.00","69,800.00","23,600.00"
15322,15323,4339,PR-00031,FAJARDO,00738,HUMACAO,PR,"47,467.00","32,024.00","15,443.00",0.00,0.00,0.00
15322,15323,4339,PR-00031,FLORIDA,00650,FLORIDA,PR,"1,951,623.00","1,687,063.00","264,560.00","97,000.00","69,800.00","27,200.00"
15322,15323,4339,PR-00031,FLORIDA,00650,GUAYAMA,PR,"24,665.00","17,415.00","7,250.00",0.00,0.00,0.00
15322,15323,4339,PR-00031,FLORIDA,00650,GURABO,PR,"205,413.00","156,113.00","49,300.00",0.00,0.00,0.00
15322,15323,4339,PR-00031,FLORIDA,00650,UTUADO,PR,"49,666.00","42,806.00","6,860.00",0.00,0.00,0.00
15322,15323,4339,PR-00031,GARROCHALES,00652,ARECIBO,PR,"741,333.00","510,453.00","230,880.00",0.00,0.00,0.00
15322,15323,4339,PR-00031,GUANICA,00653,GUANICA,PR,"1,514,568.00","1,258,441.00","256,127.00",0.00,0.00,0.00
15322,15323,4339,PR-00031,GUANICA,00653,PONCE,PR,"12,777.00","8,637.00","4,140.00",0.00,0.00,0.00
15322,15323,4339,PR-00031,GUAYAMA,00784,ARROYO,PR,"12,158.00","12,158.00",0.00,0.00,0.00,0.00
15322,15323,4339,PR-00031,GUAYAMA,00784,CAYEY,PR,"26,009.00","25,509.00",500.00,0.00,0.00,0.00
15322,15323,4339,PR-00031,GUAYAMA,00784,GUAYAMA,PR,"10,020,181.00","7,832,789.00","2,187,392.00","201,300.00","173,300.00","28,000.00"
15322,15323,4339,PR-00031,GUAYAMA,00784,GUAYNABO,PR,"71,758.00","52,208.00","19,550.00",0.00,0.00,0.00
15322,15323,4339,PR-00031,GUAYAMA,00784,PATILLAS,PR,"71,371.00","63,371.00","8,000.00",0.00,0.00,0.00
15322,15323,4339,PR-00031,GUAYAMA,00785,GUAYAMA,PR,"839,829.00","634,339.00","205,490.00",0.00,0.00,0.00
15322,15323,4339,PR-00031,GUAYANILLA,00656,GUANICA,PR,"10,834.00","7,934.00","2,900.00",0.00,0.00,0.00
15322,15323,4339,PR-00031,GUAYANILLA,00656,GUAYANILLA,PR,"1,747,014.00","1,338,779.00","408,235.00","55,600.00","38,100.00","17,500.00"
15322,15323,4339,PR-00031,GUAYANILLA,00656,YAUCO,PR,"38,324.00","33,634.00","4,690.00",0.00,0.00,0.00
15322,15323,4339,PR-00031,GUAYNABO,00926,SAN JUAN,PR,"106,720.00","83,445.00","23,275.00",0.00,0.00,0.00
15322,15323,4339,PR-00031,GUAYNABO,00965,GUAYNABO,PR,"560,119.00","432,929.00","127,190.00","5,900.00","4,100.00","1,800.00"
15322,15323,4339,PR-00031,GUAYNABO,00965,TOA BAJA,PR,"25,848.00","22,418.00","3,430.00",0.00,0.00,0.00
15322,15323,4339,PR-00031,GUAYNABO,00966,GUAYNABO,PR,"2,766,530.00","2,192,860.00","573,670.00","177,900.00","154,600.00","23,300.00"
15322,15323,4339,PR-00031,GUAYNABO,00968,GUAYNABO,PR,"281,309.00","197,859.00","83,450.00",0.00,0.00,0.00
15322,15323,4339,PR-00031,GUAYNABO,00969,BAYAMON,PR,"45,053.00","36,953.00","8,100.00",0.00,0.00,0.00
15322,15323,4339,PR-00031,GUAYNABO,00969,GUAYNABO,PR,"9,304,872.00","7,408,360.00","1,896,512.00","369,000.00","314,800.00","54,200.00"
15322,15323,4339,PR-00031,GUAYNABO,00969,SAN JUAN,PR,"28,051.00","22,901.00","5,150.00","22,900.00","22,900.00",0.00
15322,15323,4339,PR-00031,GUAYNABO,00970,GUAYNABO,PR,"3,166,247.00","2,406,167.00","760,080.00","187,100.00","159,300.00","27,800.00"
15322,15323,4339,PR-00031,GUAYNABO,00970,HUMACAO,PR,"27,558.00","14,158.00","13,400.00",0.00,0.00,0.00
15322,15323,4339,PR-00031,GUAYNABO,00971,GUAYNABO,PR,"4,021,395.00","3,257,910.00","763,485.00","59,000.00","48,200.00","10,800.00"
15322,15323,4339,PR-00031,GUAYNABO,00971,HATILLO,PR,"27,145.00","24,375.00","2,770.00",0.00,0.00,0.00
15322,15323,4339,PR-00031,GURABO,00778,GURABO,PR,"10,608,218.00","8,858,716.00","1,749,502.00","435,900.00","385,700.00","50,200.00"
15322,15323,4339,PR-00031,GURABO,00778,LAJAS,PR,"33,471.00","23,221.00","10,250.00",0.00,0.00,0.00
15322,15323,4339,PR-00031,GURABO,00778,TRUJILLO ALTO,PR,"58,319.00","36,319.00","22,000.00",0.00,0.00,0.00
15322,15323,4339,PR-00031,HATILLO,00659,ARECIBO,PR,"70,166.00","57,666.00","12,500.00",0.00,0.00,0.00
15322,15323,4339,PR-00031,HATILLO,00659,HATILLO,PR,"4,304,088.00","3,510,756.00","793,332.00","81,400.00","64,100.00","17,300.00"
15322,15323,4339,PR-00031,HATO REY,00917,SAN JUAN,PR,"201,997.00","122,626.00","79,371.00",0.00,0.00,0.00
15322,15323,4339,PR-00031,HORMIGUEROS,00660,CABO ROJO,PR,"10,511.00","8,311.00","2,200.00",0.00,0.00,0.00
15322,15323,4339,PR-00031,HORMIGUEROS,00660,HORMIGUEROS,PR,"1,514,612.00","1,243,250.00","271,362.00",0.00,0.00,0.00
15322,15323,4339,PR-00031,HORMIGUEROS,00660,MAYAGUEZ,PR,"46,753.00","34,561.00","12,192.00",0.00,0.00,0.00
15322,15323,4339,PR-00031,HUMACAO,00741,HUMACAO,PR,"20,500.00",0.00,"20,500.00",0.00,0.00,0.00
15322,15323,4339,PR-00031,HUMACAO,00791,CAGUAS,PR,"40,628.00","34,178.00","6,450.00",0.00,0.00,0.00
15322,15323,4339,PR-00031,HUMACAO,00791,HUMACAO,PR,"23,667,054.00","18,951,913.00","4,715,141.00","576,500.00","446,700.00","129,800.00"
15322,15323,4339,PR-00031,HUMACAO,00791,ISABELA,PR,"58,561.00","58,461.00",100.00,0.00,0.00,0.00
15322,15323,4339,PR-00031,HUMACAO,00791,JUNCOS,PR,"122,756.00","109,931.00","12,825.00",0.00,0.00,0.00
15322,15323,4339,PR-00031,HUMACAO,00791,LAS PIEDRAS,PR,"117,544.00","94,444.00","23,100.00",0.00,0.00,0.00
15322,15323,4339,PR-00031,HUMACAO,00791,VIEQUES,PR,"142,983.00","129,963.00","13,020.00",0.00,0.00,0.00
15322,15323,4339,PR-00031,HUMACAO,00792,HUMACAO,PR,"699,586.00","556,076.00","143,510.00",0.00,0.00,0.00
15322,15323,4339,PR-00031,ISABELA,00662,AGUADILLA,PR,"113,600.00","88,700.00","24,900.00",0.00,0.00,0.00
15322,15323,4339,PR-00031,ISABELA,00662,ISABELA,PR,"3,360,739.00","2,703,165.00","657,574.00","31,400.00","25,200.00","6,200.00"
15322,15323,4339,PR-00031,JAYUYA,00664,ARECIBO,PR,"91,169.00","88,849.00","2,320.00",0.00,0.00,0.00
15322,15323,4339,PR-00031,JAYUYA,00664,JAYUYA,PR,"1,587,768.00","1,367,655.00","220,113.00",0.00,0.00,0.00
15322,15323,4339,PR-00031,JAYUYA,00664,JUANA DIAZ,PR,"11,508.00","11,508.00",0.00,0.00,0.00,0.00
15322,15323,4339,PR-00031,JUANA DIAZ,00795,GUANICA,PR,"51,615.00","38,335.00","13,280.00",0.00,0.00,0.00
15322,15323,4339,PR-00031,JUANA DIAZ,00795,JUANA DIAZ,PR,"13,292,695.00","11,008,719.00","2,283,976.00","73,100.00","68,100.00","5,000.00"
15322,15323,4339,PR-00031,JUANA DIAZ,00795,JUNCOS,PR,"61,711.00","43,711.00","18,000.00",0.00,0.00,0.00
15322,15323,4339,PR-00031,JUANA DIAZ,00795,VILLALBA,PR,"34,699.00","33,599.00","1,100.00",0.00,0.00,0.00
15322,15323,4339,PR-00031,JUNCOS,00777,JUNCOS,PR,"7,402,580.00","6,125,525.00","1,277,055.00","320,700.00","269,400.00","51,300.00"
15322,15323,4339,PR-00031,LA PLATA,00786,AIBONITO,PR,"628,440.00","558,380.00","70,060.00","123,600.00","101,000.00","22,600.00"
15322,15323,4339,PR-00031,LAJAS,00667,LAJAS,PR,"997,438.00","819,395.00","178,043.00",0.00,0.00,0.00
15322,15323,4339,PR-00031,LARES,00669,LARES,PR,"1,916,467.00","1,589,429.00","327,038.00","27,000.00",0.00,"27,000.00"
15322,15323,4339,PR-00031,LAS MARIAS,00670,LAS MARIAS,PR,"714,042.00","595,857.00","118,185.00",0.00,0.00,0.00
15322,15323,4339,PR-00031,LAS MARIAS,00670,LAS PIEDRAS,PR,"15,507.00","14,387.00","1,120.00",0.00,0.00,0.00
15322,15323,4339,PR-00031,LAS PIEDRAS,00771,HUMACAO,PR,"132,896.00","109,421.00","23,475.00",0.00,0.00,0.00
15322,15323,4339,PR-00031,LAS PIEDRAS,00771,LAS MARIAS,PR,"39,485.00","26,085.00","13,400.00",0.00,0.00,0.00
15322,15323,4339,PR-00031,LAS PIEDRAS,00771,LAS PIEDRAS,PR,"10,318,997.00","8,585,669.00","1,733,328.00","572,300.00","521,400.00","50,900.00"
15322,15323,4339,PR-00031,LAS PIEDRAS,00792,LAS PIEDRAS,PR,"26,630.00","9,380.00","17,250.00",0.00,0.00,0.00
15322,15323,4339,PR-00031,LEVITTOWN,00949,TOA BAJA,PR,"2,982,280.00","2,017,201.00","965,079.00","99,200.00","52,500.00","46,700.00"
15322,15323,4339,PR-00031,LOIZA,00772,LOIZA,PR,"4,695,440.00","3,480,845.00","1,214,595.00","40,600.00","24,400.00","16,200.00"
15322,15323,4339,PR-00031,LUQUILLO,00773,LUQUILLO,PR,"4,093,949.00","3,266,394.00","827,555.00","31,100.00","31,100.00",0.00
15322,15323,4339,PR-00031,LUQUILLO,00773,MOCA,PR,"19,225.00","13,605.00","5,620.00",0.00,0.00,0.00
15322,15323,4339,PR-00031,MANATI,00674,BARCELONETA,PR,"24,105.00","19,340.00","4,765.00",0.00,0.00,0.00
15322,15323,4339,PR-00031,MANATI,00674,MANATI,PR,"7,565,051.00","6,121,303.00","1,443,748.00","145,100.00","131,600.00","13,500.00"
15322,15323,4339,PR-00031,MARICAO,00606,MARICAO,PR,"351,111.00","290,911.00","60,200.00",0.00,0.00,0.00
15322,15323,4339,PR-00031,MAUNABO,00707,MAUNABO,PR,"1,954,081.00","1,441,401.00","512,680.00",0.00,0.00,0.00
15322,15323,4339,PR-00031,MAUNABO,00707,MAYAGUEZ,PR,"42,380.00","28,500.00","13,880.00",0.00,0.00,0.00
15322,15323,4339,PR-00031,MAUNABO,00761,MAUNABO,PR,"106,589.00","94,089.00","12,500.00",0.00,0.00,0.00
15322,15323,4339,PR-00031,MAYAGUEZ,00680,MAYAGUEZ,PR,"5,624,997.00","4,307,791.00","1,317,206.00","93,900.00","32,500.00","61,400.00"
15322,15323,4339,PR-00031,MAYAGUEZ,00681,MAYAGUEZ,PR,"113,315.00","96,650.00","16,665.00","25,000.00","25,000.00",0.00
15322,15323,4339,PR-00031,MAYAGUEZ,00682,MAYAGUEZ,PR,"2,586,942.00","2,053,160.00","533,782.00","40,600.00","35,700.00","4,900.00"
15322,15323,4339,PR-00031,MERCEDITA,00715,JUANA DIAZ,PR,"300,460.00","274,460.00","26,000.00",0.00,0.00,0.00
15322,15323,4339,PR-00031,MERCEDITA,00715,PONCE,PR,"502,897.00","423,207.00","79,690.00",0.00,0.00,0.00
15322,15323,4339,PR-00031,MERCEDITA,00716,PONCE,PR,"30,378.00","13,478.00","16,900.00",0.00,0.00,0.00
15322,15323,4339,PR-00031,MIRAMAR,00907,SAN JUAN,PR,"120,270.00","59,045.00","61,225.00","28,100.00","12,000.00","16,100.00"
15322,15323,4339,PR-00031,MOCA,00676,AGUADILLA,PR,"188,003.00","152,013.00","35,990.00",0.00,0.00,0.00
15322,15323,4339,PR-00031,MOCA,00676,LAJAS,PR,"11,375.00","10,375.00","1,000.00",0.00,0.00,0.00
15322,15323,4339,PR-00031,MOCA,00676,MOCA,PR,"3,190,869.00","2,563,890.00","626,979.00","86,400.00","83,800.00","2,600.00"
15322,15323,4339,PR-00031,MOROVIS,00687,MOROVIS,PR,"8,861,713.00","6,965,881.00","1,895,832.00","522,700.00","440,300.00","82,400.00"
15322,15323,4339,PR-00031,MOVORIS,00687,MOROVIS,PR,"40,340.00","27,390.00","12,950.00",0.00,0.00,0.00
15322,15323,4339,PR-00031,NAGUABO,00718,NAGUABO,PR,"5,327,468.00","4,213,992.00","1,113,476.00",0.00,0.00,0.00
15322,15323,4339,PR-00031,NARANJITO,00719,COROZAL,PR,"4,000.00",0.00,"4,000.00",0.00,0.00,0.00
15322,15323,4339,PR-00031,NARANJITO,00719,NARANJITO,PR,"14,622,338.00","11,682,718.00","2,939,620.00","346,300.00","305,000.00","41,300.00"
15322,15323,4339,PR-00031,NARANJITO,00719,PONCE,PR,"55,823.00","43,373.00","12,450.00",0.00,0.00,0.00
15322,15323,4339,PR-00031,OLD SAN JUAN,00901,SAN JUAN,PR,"77,422.00","63,232.00","14,190.00",0.00,0.00,0.00
15322,15323,4339,PR-00031,OLD SAN JUAN,00902,SAN JUAN,PR,"14,200.00",0.00,"14,200.00",0.00,0.00,0.00
15322,15323,4339,PR-00031,OROCOVIS,00720,OROCOVIS,PR,"9,609,972.00","7,876,540.00","1,733,432.00","38,800.00","19,300.00","19,500.00"
15322,15323,4339,PR-00031,PALMER,00721,OROCOVIS,PR,"49,292.00","39,042.00","10,250.00",0.00,0.00,0.00
15322,15323,4339,PR-00031,PALMER,00721,RIO GRANDE,PR,"226,031.00","175,306.00","50,725.00",0.00,0.00,0.00
15322,15323,4339,PR-00031,PATILLAS,00723,ARROYO,PR,"127,456.00","85,111.00","42,345.00",0.00,0.00,0.00
15322,15323,4339,PR-00031,PATILLAS,00723,GUAYAMA,PR,"70,581.00","55,641.00","14,940.00",0.00,0.00,0.00
15322,15323,4339,PR-00031,PATILLAS,00723,PATILLAS,PR,"3,909,188.00","3,079,158.00","830,030.00","65,100.00","54,000.00","11,100.00"
15322,15323,4339,PR-00031,PENUELAS,00624,PENUELAS,PR,"2,753,526.00","2,133,443.00","620,083.00",0.00,0.00,0.00
15322,15323,4339,PR-00031,PONCE,00715,PONCE,PR,"413,736.00","346,046.00","67,690.00",0.00,0.00,0.00
15322,15323,4339,PR-00031,PONCE,00716,PONCE,PR,"3,512,340.00","2,914,667.00","597,673.00","87,700.00","72,200.00","15,500.00"
15322,15323,4339,PR-00031,PONCE,00717,PONCE,PR,"2,648,501.00","2,198,606.00","449,895.00","71,700.00","49,000.00","22,700.00"
15322,15323,4339,PR-00031,PONCE,00728,PONCE,PR,"4,714,291.00","3,731,062.00","983,229.00","216,600.00","173,300.00","43,300.00"
15322,15323,4339,PR-00031,PONCE,00728,QUEBRADILLAS,PR,"4,386.00","4,386.00",0.00,0.00,0.00,0.00
15322,15323,4339,PR-00031,PONCE,00730,PONCE,PR,"4,548,680.00","3,692,900.00","855,780.00","155,800.00","129,300.00","26,500.00"
15322,15323,4339,PR-00031,PONCE,00731,PONCE,PR,"4,097,977.00","3,313,917.00","784,060.00",0.00,0.00,0.00
15322,15323,4339,PR-00031,PONCE,00732,PONCE,PR,"288,799.00","225,599.00","63,200.00",0.00,0.00,0.00
15322,15323,4339,PR-00031,PONCE,00733,PONCE,PR,"109,688.00","93,788.00","15,900.00",0.00,0.00,0.00
15322,15323,4339,PR-00031,PONCE,00734,PONCE,PR,"34,399.00","33,364.00","1,035.00",0.00,0.00,0.00
15322,15323,4339,PR-00031,PONCE,00780,PONCE,PR,"762,646.00","535,001.00","227,645.00",0.00,0.00,0.00
15322,15323,4339,PR-00031,PONCE PR,00730,PONCE,PR,"58,316.00","56,316.00","2,000.00",0.00,0.00,0.00
15322,15323,4339,PR-00031,PTO NUEVO,00921,SAN JUAN,PR,"44,057.00","27,327.00","16,730.00",0.00,0.00,0.00
15322,15323,4339,PR-00031,PUERTO NUEVO,00920,SAN JUAN,PR,"56,690.00","47,430.00","9,260.00","7,100.00",0.00,"7,100.00"
15322,15323,4339,PR-00031,PUERTO REAL,00740,FAJARDO,PR,"442,190.00","352,333.00","89,857.00",0.00,0.00,0.00
15322,15323,4339,PR-00031,PUERTO REAL,00740,HUMACAO,PR,"85,036.00","68,771.00","16,265.00","16,300.00",0.00,"16,300.00"
15322,15323,4339,PR-00031,PUNTA SANTIAGO,00741,HUMACAO,PR,"3,227,750.00","2,254,115.00","973,635.00","80,800.00","49,200.00","31,600.00"
15322,15323,4339,PR-00031,PUNTA STGO,00741,HUMACAO,PR,"104,300.00","78,000.00","26,300.00",0.00,0.00,0.00
15322,15323,4339,PR-00031,QUEBRADA CRUZ TOA ALTA,00954,TOA ALTA,PR,"8,109.00","8,109.00",0.00,0.00,0.00,0.00
15322,15323,4339,PR-00031,QUEBRADILLAS,00678,QUEBRADILLAS,PR,"1,534,740.00","1,229,945.00","304,795.00",0.00,0.00,0.00
15322,15323,4339,PR-00031,RAMEY,00603,AGUADILLA,PR,"22,755.00","16,485.00","6,270.00",0.00,0.00,0.00
15322,15323,4339,PR-00031,RAMEY,00604,AGUADILLA,PR,"38,658.00","38,658.00",0.00,0.00,0.00,0.00
15322,15323,4339,PR-00031,RINCON,00677,RINCON,PR,"1,039,590.00","811,150.00","228,440.00","134,500.00","109,000.00","25,500.00"
15322,15323,4339,PR-00031,RIO BLANCO,00744,NAGUABO,PR,"595,772.00","475,552.00","120,220.00",0.00,0.00,0.00
15322,15323,4339,PR-00031,RIO GRANDE,00721,RIO GRANDE,PR,"288,912.00","246,182.00","42,730.00",0.00,0.00,0.00
15322,15323,4339,PR-00031,RIO GRANDE,00745,CAGUAS,PR,"72,655.00","53,555.00","19,100.00",0.00,0.00,0.00
15322,15323,4339,PR-00031,RIO GRANDE,00745,RIO GRANDE,PR,"16,093,947.00","12,517,344.00","3,576,603.00","195,700.00","147,300.00","48,400.00"
15322,15323,4339,PR-00031,RIO GRANDE,00745,SABANA GRANDE,PR,"73,349.00","55,249.00","18,100.00",0.00,0.00,0.00
15322,15323,4339,PR-00031,RIO JUEYES COAMO,00769,COAMO,PR,"26,171.00","26,171.00",0.00,0.00,0.00,0.00
15322,15323,4339,PR-00031,RIO PIEDRAS,00921,SAN JUAN,PR,"41,412.00","26,952.00","14,460.00",0.00,0.00,0.00
15322,15323,4339,PR-00031,RIO PIEDRAS,00924,SAN JUAN,PR,"279,018.00","210,613.00","68,405.00","20,400.00",0.00,"20,400.00"
15322,15323,4339,PR-00031,RIO PIEDRAS,00925,SAN JUAN,PR,"10,500.00",0.00,"10,500.00",0.00,0.00,0.00
15322,15323,4339,PR-00031,RIO PIEDRAS,00926,SAN JUAN,PR,"777,321.00","677,271.00","100,050.00","23,300.00",0.00,"23,300.00"
15322,15323,4339,PR-00031,RIO PIEDRAS,00927,SAN JUAN,PR,"140,107.00","81,307.00","58,800.00",0.00,0.00,0.00
15322,15323,4339,PR-00031,SABANA GRANDE,00637,SABANA GRANDE,PR,"1,293,509.00","1,074,689.00","218,820.00",0.00,0.00,0.00
15322,15323,4339,PR-00031,SABANA GRANDE,00637,SAN GERMAN,PR,"4,500.00",0.00,"4,500.00",0.00,0.00,0.00
15322,15323,4339,PR-00031,SABANA HOYOS,00688,ARECIBO,PR,"979,109.00","771,559.00","207,550.00","57,600.00","54,900.00","2,700.00"
15322,15323,4339,PR-00031,SABANA SECA,00952,TOA ALTA,PR,"10,580.00",0.00,"10,580.00",0.00,0.00,0.00
15322,15323,4339,PR-00031,SABANA SECA,00952,TOA BAJA,PR,"5,852,445.00","4,666,164.00","1,186,281.00",0.00,0.00,0.00
15322,15323,4339,PR-00031,SAINT JUST,00978,CAROLINA,PR,"227,745.00","223,145.00","4,600.00",0.00,0.00,0.00
15322,15323,4339,PR-00031,SAINT JUST,00978,TRUJILLO ALTO,PR,"19,882.00","8,282.00","11,600.00",0.00,0.00,0.00
15322,15323,4339,PR-00031,SAINT JUST TRUJILLO ALTO,00976,TRUJILLO ALTO,PR,"7,956.00","5,556.00","2,400.00",0.00,0.00,0.00
15322,15323,4339,PR-00031,SALINAS,00751,CAYEY,PR,"49,912.00","43,117.00","6,795.00",0.00,0.00,0.00
15322,15323,4339,PR-00031,SALINAS,00751,GUAYAMA,PR,"131,098.00","108,078.00","23,020.00",0.00,0.00,0.00
15322,15323,4339,PR-00031,SALINAS,00751,PONCE,PR,"27,007.00","27,007.00",0.00,0.00,0.00,0.00
15322,15323,4339,PR-00031,SALINAS,00751,SALINAS,PR,"7,090,635.00","5,782,848.00","1,307,787.00","38,300.00","37,200.00","1,100.00"
15322,15323,4339,PR-00031,SAN ANTONIO,00690,ADJUNTAS,PR,"198,653.00","177,053.00","21,600.00",0.00,0.00,0.00
15322,15323,4339,PR-00031,SAN ANTONIO,00690,AGUADILLA,PR,"406,596.00","333,696.00","72,900.00",0.00,0.00,0.00
15322,15323,4339,PR-00031,SAN GERMAN,00683,SABANA GRANDE,PR,"24,697.00","20,697.00","4,000.00",0.00,0.00,0.00
15322,15323,4339,PR-00031,SAN GERMAN,00683,SAN GERMAN,PR,"1,166,435.00","934,737.00","231,698.00","32,100.00","29,000.00","3,100.00"
15322,15323,4339,PR-00031,SAN JUAN,00901,SAN JUAN,PR,"316,910.00","212,720.00","104,190.00","87,000.00","62,700.00","24,300.00"
15322,15323,4339,PR-00031,SAN JUAN,00907,SAN JUAN,PR,"1,372,293.00","874,376.00","497,917.00","170,400.00","96,300.00","74,100.00"
15322,15323,4339,PR-00031,SAN JUAN,00909,SAN JUAN,PR,"574,357.00","390,882.00","183,475.00","91,200.00","44,100.00","47,100.00"
15322,15323,4339,PR-00031,SAN JUAN,00910,SAN JUAN,PR,"5,300.00",0.00,"5,300.00",0.00,0.00,0.00
15322,15323,4339,PR-00031,SAN JUAN,00911,SAN JUAN,PR,"2,039,857.00","1,308,450.00","731,407.00","78,200.00","18,200.00","60,000.00"
15322,15323,4339,PR-00031,SAN JUAN,00912,SAN JUAN,PR,"445,269.00","291,396.00","153,873.00","70,500.00","63,300.00","7,200.00"
15322,15323,4339,PR-00031,SAN JUAN,00913,CAROLINA,PR,"14,240.00",0.00,"14,240.00",0.00,0.00,0.00
15322,15323,4339,PR-00031,SAN JUAN,00913,SAN JUAN,PR,"946,107.00","746,137.00","199,970.00",0.00,0.00,0.00
15322,15323,4339,PR-00031,SAN JUAN,00915,CATANO,PR,"51,526.00","41,626.00","9,900.00",0.00,0.00,0.00
15322,15323,4339,PR-00031,SAN JUAN,00915,LAJAS,PR,"236,390.00","209,290.00","27,100.00",0.00,0.00,0.00
15322,15323,4339,PR-00031,SAN JUAN,00915,SAN JUAN,PR,"2,422,711.00","1,696,061.00","726,650.00","31,100.00","24,300.00","6,800.00"
15322,15323,4339,PR-00031,SAN JUAN,00916,SAN JUAN,PR,"28,044.00","18,984.00","9,060.00",0.00,0.00,0.00
15322,15323,4339,PR-00031,SAN JUAN,00917,SAN JUAN,PR,"1,750,228.00","1,304,448.00","445,780.00","76,000.00","76,000.00",0.00
15322,15323,4339,PR-00031,SAN JUAN,00918,AIBONITO,PR,"52,599.00","45,104.00","7,495.00",0.00,0.00,0.00
15322,15323,4339,PR-00031,SAN JUAN,00918,CAROLINA,PR,"17,721.00","17,721.00",0.00,0.00,0.00,0.00
15322,15323,4339,PR-00031,SAN JUAN,00918,SAN JUAN,PR,"1,769,878.00","1,232,443.00","537,435.00","19,700.00","16,700.00","3,000.00"
15322,15323,4339,PR-00031,SAN JUAN,00918,TRUJILLO ALTO,PR,"135,621.00","125,221.00","10,400.00",0.00,0.00,0.00
15322,15323,4339,PR-00031,SAN JUAN,00919,SAN JUAN,PR,"265,483.00","231,313.00","34,170.00",0.00,0.00,0.00
15322,15323,4339,PR-00031,SAN JUAN,00920,CAROLINA,PR,"38,902.00","22,352.00","16,550.00",0.00,0.00,0.00
15322,15323,4339,PR-00031,SAN JUAN,00920,HUMACAO,PR,"61,756.00","61,756.00",0.00,0.00,0.00,0.00
15322,15323,4339,PR-00031,SAN JUAN,00920,SAN JUAN,PR,"2,143,060.00","1,578,589.00","564,471.00","54,000.00","52,500.00","1,500.00"
15322,15323,4339,PR-00031,SAN JUAN,00921,GUAYNABO,PR,"9,804.00","9,104.00",700.00,0.00,0.00,0.00
15322,15323,4339,PR-00031,SAN JUAN,00921,LAS PIEDRAS,PR,"26,700.00",0.00,"26,700.00",0.00,0.00,0.00
15322,15323,4339,PR-00031,SAN JUAN,00921,SAN JUAN,PR,"3,572,357.00","2,709,324.00","863,033.00","267,300.00","182,600.00","84,700.00"
15322,15323,4339,PR-00031,SAN JUAN,00922,SAN JUAN,PR,"14,653.00","11,628.00","3,025.00",0.00,0.00,0.00
15322,15323,4339,PR-00031,SAN JUAN,00923,SAN JUAN,PR,"2,403,560.00","1,659,755.00","743,805.00","89,800.00","75,300.00","14,500.00"
15322,15323,4339,PR-00031,SAN JUAN,00924,CAROLINA,PR,"26,457.00","22,457.00","4,000.00",0.00,0.00,0.00
15322,15323,4339,PR-00031,SAN JUAN,00924,OROCOVIS,PR,"3,500.00",0.00,"3,500.00","3,500.00",0.00,"3,500.00"
15322,15323,4339,PR-00031,SAN JUAN,00924,SAN JUAN,PR,"5,143,330.00","4,001,502.00","1,141,828.00","120,200.00","88,600.00","31,600.00"
15322,15323,4339,PR-00031,SAN JUAN,00925,SAN JUAN,PR,"171,404.00","96,294.00","75,110.00",0.00,0.00,0.00
15322,15323,4339,PR-00031,SAN JUAN,00926,CAGUAS,PR,"155,528.00","141,528.00","14,000.00",0.00,0.00,0.00
15322,15323,4339,PR-00031,SAN JUAN,00926,CAROLINA,PR,"16,200.00",0.00,"16,200.00",0.00,0.00,0.00
15322,15323,4339,PR-00031,SAN JUAN,00926,GUAYNABO,PR,"1,125.00",0.00,"1,125.00",0.00,0.00,0.00
15322,15323,4339,PR-00031,SAN JUAN,00926,SAN JUAN,PR,"20,084,502.00","16,254,640.00","3,829,862.00","837,900.00","680,100.00","157,800.00"
15322,15323,4339,PR-00031,SAN JUAN,00926,TRUJILLO ALTO,PR,"732,183.00","603,053.00","129,130.00","51,200.00","26,400.00","24,800.00"
15322,15323,4339,PR-00031,SAN JUAN,00927,GUAYNABO,PR,"9,000.00",0.00,"9,000.00",0.00,0.00,0.00
15322,15323,4339,PR-00031,SAN JUAN,00927,SAN JUAN,PR,"2,071,366.00","1,475,791.00","595,575.00","25,000.00","23,500.00","1,500.00"
15322,15323,4339,PR-00031,SAN JUAN,00928,SAN JUAN,PR,"749,202.00","636,002.00","113,200.00",0.00,0.00,0.00
15322,15323,4339,PR-00031,SAN JUAN,00929,CANOVANAS,PR,"62,072.00","61,572.00",500.00,0.00,0.00,0.00
15322,15323,4339,PR-00031,SAN JUAN,00929,SAN JUAN,PR,"77,306.00","44,269.00","33,037.00",0.00,0.00,0.00
15322,15323,4339,PR-00031,SAN JUAN,00929,TRUJILLO ALTO,PR,"16,345.00","10,115.00","6,230.00",0.00,0.00,0.00
15322,15323,4339,PR-00031,SAN JUAN,00936,SAN JUAN,PR,"162,686.00","92,786.00","69,900.00",0.00,0.00,0.00
15322,15323,4339,PR-00031,SAN JUAN,00940,SAN JUAN,PR,"76,340.00","76,340.00",0.00,0.00,0.00,0.00
15322,15323,4339,PR-00031,SAN LORENZO,00754,CAYEY,PR,"20,189.00","20,189.00",0.00,0.00,0.00,0.00
15322,15323,4339,PR-00031,SAN LORENZO,00754,JUNCOS,PR,"44,403.00","28,027.00","16,376.00",0.00,0.00,0.00
15322,15323,4339,PR-00031,SAN LORENZO,00754,RIO GRANDE,PR,"67,274.00","47,094.00","20,180.00",0.00,0.00,0.00
15322,15323,4339,PR-00031,SAN LORENZO,00754,SAN LORENZO,PR,"5,801,648.00","4,553,787.00","1,247,861.00","385,900.00","342,900.00","43,000.00"
15322,15323,4339,PR-00031,SAN SEBASTIAN,00685,SAN SEBASTIAN,PR,"2,897,210.00","2,346,490.00","550,720.00","15,500.00",0.00,"15,500.00"
15322,15323,4339,PR-00031,SAN SEBASTIAN,00685,SANTA ISABEL,PR,"50,510.00","17,485.00","33,025.00",0.00,0.00,0.00
15322,15323,4339,PR-00031,SANTA ISABEL,00757,SANTA ISABEL,PR,"3,900,257.00","3,068,098.00","832,159.00","49,200.00","41,800.00","7,400.00"
15322,15323,4339,PR-00031,SANTURCE,00907,SAN JUAN,PR,"25,045.00","15,570.00","9,475.00",0.00,0.00,0.00
15322,15323,4339,PR-00031,SANTURCE,00909,SAN JUAN,PR,"60,779.00","40,679.00","20,100.00",0.00,0.00,0.00
15322,15323,4339,PR-00031,SANTURCE,00911,SAN JUAN,PR,"167,439.00","120,089.00","47,350.00",0.00,0.00,0.00
15322,15323,4339,PR-00031,SANTURCE,00912,SAN JUAN,PR,"186,975.00","149,005.00","37,970.00",0.00,0.00,0.00
15322,15323,4339,PR-00031,SANTURCE,00913,SAN JUAN,PR,"66,327.00","55,167.00","11,160.00","66,300.00","55,100.00","11,200.00"
15322,15323,4339,PR-00031,SANTURCE,00915,SAN JUAN,PR,"465,218.00","389,278.00","75,940.00",0.00,0.00,0.00
15322,15323,4339,PR-00031,SANTURCE,00916,BAYAMON,PR,"74,497.00","68,197.00","6,300.00",0.00,0.00,0.00
15322,15323,4339,PR-00031,TOA ALTA,00953,BAYAMON,PR,"73,782.00","63,882.00","9,900.00",0.00,0.00,0.00
15322,15323,4339,PR-00031,TOA ALTA,00953,TOA ALTA,PR,"12,629,655.00","10,073,462.00","2,556,193.00","1,121,400.00","993,100.00","128,300.00"
15322,15323,4339,PR-00031,TOA ALTA,00953,TOA BAJA,PR,"64,845.00","53,145.00","11,700.00",0.00,0.00,0.00
15322,15323,4339,PR-00031,TOA ALTA,00954,TOA ALTA,PR,"562,213.00","477,593.00","84,620.00","322,200.00","287,600.00","34,600.00"
15322,15323,4339,PR-00031,TOA ALTA,00954,TOA BAJA,PR,"159,282.00","108,682.00","50,600.00",0.00,0.00,0.00
15322,15323,4339,PR-00031,TOA BAJA,00947,TOA BAJA,PR,"7,519.00","7,519.00",0.00,0.00,0.00,0.00
15322,15323,4339,PR-00031,TOA BAJA,00949,ARECIBO,PR,"31,980.00","23,045.00","8,935.00",0.00,0.00,0.00
15322,15323,4339,PR-00031,TOA BAJA,00949,CATANO,PR,"45,876.00","39,611.00","6,265.00",0.00,0.00,0.00
15322,15323,4339,PR-00031,TOA BAJA,00949,SAN JUAN,PR,"17,000.00",0.00,"17,000.00",0.00,0.00,0.00
15322,15323,4339,PR-00031,TOA BAJA,00949,TOA ALTA,PR,"498,085.00","338,178.00","159,907.00",0.00,0.00,0.00
15322,15323,4339,PR-00031,TOA BAJA,00949,TOA BAJA,PR,"34,771,235.00","25,091,139.00","9,680,096.00","1,313,800.00","859,000.00","454,800.00"
15322,15323,4339,PR-00031,TOA BAJA,00950,TOA ALTA,PR,"77,296.00","58,696.00","18,600.00",0.00,0.00,0.00
15322,15323,4339,PR-00031,TOA BAJA,00950,TOA BAJA,PR,"908,041.00","687,991.00","220,050.00","5,200.00",0.00,"5,200.00"
15322,15323,4339,PR-00031,TOA BAJA,00951,TOA BAJA,PR,"3,265,541.00","2,436,222.00","829,319.00","197,500.00","137,600.00","59,900.00"
15322,15323,4339,PR-00031,TOA BAJA,00951,VEGA ALTA,PR,"57,390.00","2,090.00","55,300.00",0.00,0.00,0.00
15322,15323,4339,PR-00031,TRUJILLO,00976,RIO GRANDE,PR,"36,916.00","34,516.00","2,400.00",0.00,0.00,0.00
15322,15323,4339,PR-00031,TRUJILLO,00976,TRUJILLO ALTO,PR,"119,345.00","96,115.00","23,230.00",0.00,0.00,0.00
15322,15323,4339,PR-00031,TRUJILLO ALTO,00926,SAN JUAN,PR,"76,766.00","72,346.00","4,420.00","76,800.00","72,300.00","4,500.00"
15322,15323,4339,PR-00031,TRUJILLO ALTO,00976,SAN JUAN,PR,"174,517.00","130,667.00","43,850.00",0.00,0.00,0.00
15322,15323,4339,PR-00031,TRUJILLO ALTO,00976,TOA ALTA,PR,"19,364.00","13,089.00","6,275.00",0.00,0.00,0.00
15322,15323,4339,PR-00031,TRUJILLO ALTO,00976,TOA BAJA,PR,"111,850.00","94,050.00","17,800.00",0.00,0.00,0.00
15322,15323,4339,PR-00031,TRUJILLO ALTO,00976,TRUJILLO ALTO,PR,"12,136,583.00","9,885,975.00","2,250,608.00","271,800.00","231,100.00","40,700.00"
15322,15323,4339,PR-00031,TRUJILLO ALTO,00977,TRUJILLO ALTO,PR,"532,239.00","394,161.00","138,078.00","7,600.00",0.00,"7,600.00"
15322,15323,4339,PR-00031,UTUADO,00611,UTUADO,PR,"42,000.00","31,790.00","10,210.00",0.00,0.00,0.00
15322,15323,4339,PR-00031,UTUADO,00641,UTUADO,PR,"8,239,987.00","6,428,415.00","1,811,572.00","154,800.00","141,500.00","13,300.00"
15322,15323,4339,PR-00031,VEGA ALTA,00692,TOA ALTA,PR,"107,100.00","90,300.00","16,800.00",0.00,0.00,0.00
15322,15323,4339,PR-00031,VEGA ALTA,00692,VEGA ALTA,PR,"6,774,800.00","5,401,159.00","1,373,641.00","69,700.00","38,400.00","31,300.00"
15322,15323,4339,PR-00031,VEGA ALTA,00692,VEGA BAJA,PR,"88,222.00","75,922.00","12,300.00",0.00,0.00,0.00
15322,15323,4339,PR-00031,VEGA ALTA PUERTO RICO,00692,VEGA ALTA,PR,"3,933.00","3,633.00",300.00,0.00,0.00,0.00
15322,15323,4339,PR-00031,VEGA BAJA,00693,ARECIBO,PR,"30,764.00","14,764.00","16,000.00",0.00,0.00,0.00
15322,15323,4339,PR-00031,VEGA BAJA,00693,MANATI,PR,"8,546.00","7,546.00","1,000.00",0.00,0.00,0.00
15322,15323,4339,PR-00031,VEGA BAJA,00693,VEGA ALTA,PR,"57,665.00","51,165.00","6,500.00",0.00,0.00,0.00
15322,15323,4339,PR-00031,VEGA BAJA,00693,VEGA BAJA,PR,"10,466,192.00","8,382,342.00","2,083,850.00","248,500.00","216,400.00","32,100.00"
15322,15323,4339,PR-00031,VEGA BAJA,00694,VEGA BAJA,PR,"489,521.00","372,841.00","116,680.00",0.00,0.00,0.00
15322,15323,4339,PR-00031,VIEJO SAN JUAN,00901,SAN JUAN,PR,"10,760.00",0.00,"10,760.00",0.00,0.00,0.00
15322,15323,4339,PR-00031,VIEQUES,00765,VIEQUES,PR,"5,463,956.00","4,438,222.00","1,025,734.00",0.00,0.00,0.00
15322,15323,4339,PR-00031,VILLALBA,00766,VILLALBA,PR,"5,373,040.00","4,360,162.00","1,012,878.00","53,300.00","22,600.00","30,700.00"
15322,15323,4339,PR-00031,VILLALBA,00766,YAUCO,PR,"103,136.00","82,366.00","20,770.00",0.00,0.00,0.00
15322,15323,4339,PR-00031,YABUCOA,00767,HUMACAO,PR,"80,719.00","67,749.00","12,970.00",0.00,0.00,0.00
15322,15323,4339,PR-00031,YABUCOA,00767,YABUCOA,PR,"7,882,319.00","6,380,051.00","1,502,268.00","156,300.00","129,700.00","26,600.00"
15322,15323,4339,PR-00031,YAUCO,00698,GUANICA,PR,"197,455.00","164,905.00","32,550.00",0.00,0.00,0.00
15322,15323,4339,PR-00031,YAUCO,00698,PONCE,PR,"233,511.00","214,011.00","19,500.00",0.00,0.00,0.00
15322,15323,4339,PR-00031,YAUCO,00698,YAUCO,PR,"2,480,233.00","1,860,115.00","620,118.00","117,500.00","89,900.00","27,600.00"
